"","n","Error Count Mean","% Error Count Mean","Correct Count Mean","% Correct Mean","False Positives Count Mean","% False Positives Count Mean","False Negative Count Mean","% False Negatives Count Mean","Error Count SD","% Error Count SD","Correct Count SD","% Correct SD","False Positives Count SD","% False Positives SD","False Negative Count SD","% False Negatives Count SD"
"1",100,449.85,4.4985,9550.15,95.5015,332.2,3.322,117.65,1.1765,111.032131432871,1.11032131432871,111.032131432871,1.11032131432871,169.281329215754,1.69281329215754,94.5005012518035,0.945005012518034
"2",200,345.95,3.4595,9654.05,96.5405,208.3,2.083,137.65,1.3765,59.983747798883,0.59983747798883,59.983747798883,0.599837477988831,93.7859264495479,0.937859264495479,76.6971316282428,0.766971316282428
"3",300,268.2,2.682,9731.8,97.318,151.45,1.5145,116.75,1.1675,47.0068304107303,0.470068304107303,47.0068304107303,0.470068304107303,48.4436460447112,0.484436460447112,44.1252702392202,0.441252702392202
"4",400,225.85,2.2585,9774.15,97.7415,135.95,1.3595,89.9,0.899,20.3554596322978,0.203554596322978,20.3554596322978,0.203554596322978,40.4168737560258,0.404168737560258,41.7749610223762,0.417749610223762
"5",500,205.5,2.055,9794.5,97.945,111.7,1.117,93.8,0.938,35.9787949243791,0.359787949243791,35.9787949243791,0.359787949243787,32.2704035823604,0.322704035823604,41.6623015257325,0.416623015257325
"6",600,182.5,1.825,9817.5,98.175,95.05,0.9505,87.45,0.8745,25.1971176296438,0.251971176296438,25.1971176296438,0.251971176296439,30.5553423703355,0.305553423703355,34.4268484578075,0.344268484578075
"7",700,176.85,1.7685,9823.15,98.2315,99.75,0.9975,77.1,0.771,17.0580278986017,0.170580278986017,17.0580278986017,0.170580278986016,30.9972409638087,0.309972409638087,31.2037447145455,0.312037447145455
"8",800,162.2,1.622,9837.8,98.378,91.55,0.9155,70.65,0.7065,24.5305395052994,0.245305395052994,24.5305395052994,0.245305395052995,28.6603981314397,0.286603981314397,24.1056337595046,0.241056337595046
