"","f","Error Count Mean","% Error Count Mean","Correct Count Mean","% Correct Mean","False Positives Count Mean","% False Positives Count Mean","False Negative Count Mean","% False Negatives Count Mean","Error Count SD","% Error Count SD","Correct Count SD","% Correct SD","False Positives Count SD","% False Positives SD","False Negative Count SD","% False Negatives Count SD"
"1",0,197.3,1.973,9802.7,98.027,121.4,1.214,75.9,0.759,33.7266098285362,0.337266098285362,33.7266098285362,0.337266098285363,40.9047674483061,0.409047674483061,30.3590791067602,0.303590791067602
"2",0.05,249.55,2.4955,9750.45,97.5045,126.2,1.262,123.35,1.2335,36.3165541490813,0.363165541490814,36.3165541490813,0.363165541490816,41.4533345747772,0.414533345747772,48.8879223057027,0.488879223057027
"3",0.1,338.1,3.381,9661.9,96.619,152.55,1.5255,185.55,1.8555,60.1549752940817,0.601549752940817,60.1549752940817,0.601549752940816,58.63398960366,0.5863398960366,82.5810447219483,0.825810447219483
"4",0.15,565.05,5.6505,9434.95,94.3495,168.35,1.6835,396.7,3.967,157.823177205244,1.57823177205244,157.823177205244,1.57823177205244,70.4581062535895,0.704581062535895,112.511098867716,1.12511098867716
"5",0.2,787.7,7.877,9212.3,92.123,165,1.65,622.7,6.227,164.142781235054,1.64142781235054,164.142781235054,1.64142781235055,61.9193023216509,0.619193023216509,147.756235953539,1.47756235953539
"6",0.25,1235.8,12.358,8764.2,87.642,223.25,2.2325,1012.55,10.1255,202.204326050864,2.02204326050864,202.204326050864,2.02204326050864,109.310699144084,1.09310699144084,233.83923289753,2.3383923289753
"7",0.3,1959.75,19.5975,8040.25,80.4025,237.4,2.374,1722.35,17.2235,347.839175633314,3.47839175633314,347.839175633314,3.47839175633314,87.554734760305,0.875547347603051,291.373385881415,2.91373385881415
